{
  "window": {
    "title": "Block Fall",
    "width": 1024,
    "height": 768,
    "fullscreen": false
  },
  "sound": {
    "bgm": "./assets/Sound/BGM.mp3"
  },
  "images": {
    "logo": "Sprites/logo.png",
    "blocks_folder": "Sprites/Blocks"
  },
  "game":{
    "draw_grid": true
  },
  "game_physics" : {
    "block_fall_speed_level" : [
      0.88733, 
      0.82036, 
      0.75339, 
      0.68642, 
      0.61945, 
      0.55249, 
      0.46878, 
      0.36832, 
      0.28461, 
      0.18416, 
      0.16742, 
      0.15068, 
      0.13394, 
      0.11719, 
      0.10045, 
      0.10045, 
      0.08371,  
      0.08371,  
      0.06697,  
      0.06697,  
      0.05023   
    ],
    "das" : 0.40181,
    "arr" : 0.15068,
    "are" : 0.03348,
    "clear_line" : 1.52352,
    "soft_drop" : 0.05023,
    "enabled_rules" : {
      "srs" : false,
      "soft_drop_while_moving_horizontal" : false,
      "hard_drop" : false
    }
  }
}
